filename,group,study,ntips,dated
mammals.nwk,mammals,Upham 2019,5912,TRUE
birds.nwk,birds,McTavish 2025,10824,TRUE
amphibians.nwk,amphibians,Jetz & Pyron 2018,7239,TRUE
fish.nwk,fish,Rabosky 2018,11638,TRUE
neotropical_fish.nwk,neotropical_fish,Tagliacollo 2024,3167,TRUE
squamates.nwk,squamates,Tonini 2016,9755,TRUE
turtles.nwk,turtles,Thomson 2021,593,TRUE
primates.nwk,primates,10kTrees v3,301,TRUE
parrots.nwk,parrots,Burgio 2019,413,TRUE
carnivora.nwk,carnivora,Nyakatura 2012,294,TRUE
insects.nwk,insects,insectphylo v2,53596,FALSE
butterflies.nwk,butterflies,Kawahara 2023,2258,TRUE
spiders.nwk,spiders,Garrison 2016,1456,TRUE
hemiptera.nwk,hemiptera,Johnson 2018,193,FALSE
termites.nwk,termites,2024 Nat Comms,138,FALSE
crustaceans.nwk,crustaceans,Wolfe 2019,95,FALSE
ants.nwk,ants,Romiguier 2022,83,FALSE
seed_plants.nwk,seed_plants,Smith & Brown 2018,356305,TRUE
ferns.nwk,ferns,Nitta 2022,6234,TRUE
bryophytes.nwk,bryophytes,Bechteler 2023,533,FALSE
grasses.nwk,grasses,GPWG III 2025,1153,FALSE
orchids.nwk,orchids,Givnish 2023,1475,TRUE
asteraceae.nwk,asteraceae,Mandel 2019,256,FALSE
solanaceae.nwk,solanaceae,Sarkinen 2013,1076,TRUE
cacti.nwk,cacti,CactEcoDB 2026,1063,TRUE
eucalyptus.nwk,eucalyptus,Crisp 2024,399,FALSE
conifers.nwk,conifers,Ran 2018,16,TRUE
corals.nwk,corals,2025 Nature,289,TRUE
cephalopods.nwk,cephalopods,2024 bioRxiv,81,TRUE
gastropods.nwk,gastropods,Zapata 2014,54,FALSE
sponges.nwk,sponges,Lavrov 2023,120,TRUE
echinoderms.nwk,echinoderms,Koch 2022,66,TRUE
nematodes.nwk,nematodes,2025 Syst Biol,166,FALSE
diatoms.nwk,diatoms,Theriot 2018,94,FALSE
bacteria.nwk,bacteria,GTDB R10,136646,FALSE
archaea.nwk,archaea,GTDB R10,6968,FALSE
fungi.nwk,fungi,Li 2021,1672,FALSE
eukaryotes.nwk,eukaryotes,Williamson 2025,100,FALSE
timetree.nwk,timetree,Hedges 2015,50645,FALSE
salamanders.nwk,salamanders,Stewart 2025,796,TRUE
bees.nwk,bees,Henriquez-Piskulich 2024,4586,TRUE
sharks.nwk,sharks,Stein 2018,1192,TRUE
bivalves.nwk,bivalves,Pfeiffer 2019,73,FALSE
cetaceans.nwk,cetaceans,McGowen 2020,85,TRUE
condamine_Alsodidae.nwk,condamine_Alsodidae,Condamine 2019,20,TRUE
condamine_Alytidae.nwk,condamine_Alytidae,Condamine 2019,10,TRUE
condamine_Bombinatoridae.nwk,condamine_Bombinatoridae,Condamine 2019,10,TRUE
condamine_Caecilidae.nwk,condamine_Caecilidae,Condamine 2019,31,TRUE
condamine_Eleutherodactylidae.nwk,condamine_Eleutherodactylidae,Condamine 2019,145,TRUE
condamine_Hynobiidae.nwk,condamine_Hynobiidae,Condamine 2019,46,TRUE
condamine_Pipidae.nwk,condamine_Pipidae,Condamine 2019,23,TRUE
condamine_Plethodontidae.nwk,condamine_Plethodontidae,Condamine 2019,278,TRUE
condamine_Ranidae.nwk,condamine_Ranidae,Condamine 2019,218,TRUE
condamine_Salamandridae.nwk,condamine_Salamandridae,Condamine 2019,42,TRUE
condamine_Acanthizidae.nwk,condamine_Acanthizidae,Condamine 2019,63,TRUE
condamine_Accipitridae.nwk,condamine_Accipitridae,Condamine 2019,242,TRUE
condamine_Acrocephalidae.nwk,condamine_Acrocephalidae,Condamine 2019,52,TRUE
condamine_Aegithalidae.nwk,condamine_Aegithalidae,Condamine 2019,10,TRUE
condamine_Alaudidae.nwk,condamine_Alaudidae,Condamine 2019,91,TRUE
condamine_Alcedinidae.nwk,condamine_Alcedinidae,Condamine 2019,91,TRUE
condamine_Alcidae.nwk,condamine_Alcidae,Condamine 2019,23,TRUE
condamine_Anatidae.nwk,condamine_Anatidae,Condamine 2019,157,TRUE
condamine_Apodidae.nwk,condamine_Apodidae,Condamine 2019,99,TRUE
condamine_Ardeidae.nwk,condamine_Ardeidae,Condamine 2019,61,TRUE
condamine_Artamidae.nwk,condamine_Artamidae,Condamine 2019,11,TRUE
condamine_Bernieridae.nwk,condamine_Bernieridae,Condamine 2019,11,TRUE
condamine_Bucconidae.nwk,condamine_Bucconidae,Condamine 2019,35,TRUE
condamine_Bucerotidae.nwk,condamine_Bucerotidae,Condamine 2019,55,TRUE
condamine_Cacatuidae.nwk,condamine_Cacatuidae,Condamine 2019,21,TRUE
condamine_Campephagidae.nwk,condamine_Campephagidae,Condamine 2019,80,TRUE
condamine_Capitonidae.nwk,condamine_Capitonidae,Condamine 2019,14,TRUE
condamine_Caprimulgidae.nwk,condamine_Caprimulgidae,Condamine 2019,88,TRUE
condamine_Cardinalidae.nwk,condamine_Cardinalidae,Condamine 2019,68,TRUE
condamine_Certhiidae.nwk,condamine_Certhiidae,Condamine 2019,10,TRUE
condamine_Cettiidae.nwk,condamine_Cettiidae,Condamine 2019,32,TRUE
condamine_Charadriidae.nwk,condamine_Charadriidae,Condamine 2019,64,TRUE
condamine_Chloropseidae.nwk,condamine_Chloropseidae,Condamine 2019,11,TRUE
condamine_Ciconiidae.nwk,condamine_Ciconiidae,Condamine 2019,19,TRUE
condamine_Cisticolidae.nwk,condamine_Cisticolidae,Condamine 2019,142,TRUE
condamine_Columbidae.nwk,condamine_Columbidae,Condamine 2019,306,TRUE
condamine_Conopophagidae.nwk,condamine_Conopophagidae,Condamine 2019,11,TRUE
condamine_Coraciidae.nwk,condamine_Coraciidae,Condamine 2019,12,TRUE
condamine_Corvidae.nwk,condamine_Corvidae,Condamine 2019,120,TRUE
condamine_Cotingidae.nwk,condamine_Cotingidae,Condamine 2019,65,TRUE
condamine_Cracidae.nwk,condamine_Cracidae,Condamine 2019,50,TRUE
condamine_Cracticidae.nwk,condamine_Cracticidae,Condamine 2019,12,TRUE
condamine_Cuculidae.nwk,condamine_Cuculidae,Condamine 2019,138,TRUE
condamine_Dicaeidae.nwk,condamine_Dicaeidae,Condamine 2019,45,TRUE
condamine_Dicruridae.nwk,condamine_Dicruridae,Condamine 2019,24,TRUE
condamine_Diomedeidae.nwk,condamine_Diomedeidae,Condamine 2019,21,TRUE
condamine_Emberizidae.nwk,condamine_Emberizidae,Condamine 2019,163,TRUE
condamine_Estrildidae.nwk,condamine_Estrildidae,Condamine 2019,140,TRUE
condamine_Eurylaimidae.nwk,condamine_Eurylaimidae,Condamine 2019,20,TRUE
condamine_Falconidae.nwk,condamine_Falconidae,Condamine 2019,64,TRUE
condamine_Formicariidae.nwk,condamine_Formicariidae,Condamine 2019,12,TRUE
condamine_Fringillidae.nwk,condamine_Fringillidae,Condamine 2019,194,TRUE
condamine_Furnariidae.nwk,condamine_Furnariidae,Condamine 2019,302,TRUE
condamine_Galbulidae.nwk,condamine_Galbulidae,Condamine 2019,18,TRUE
condamine_Glareolidae.nwk,condamine_Glareolidae,Condamine 2019,17,TRUE
condamine_Grallariidae.nwk,condamine_Grallariidae,Condamine 2019,49,TRUE
condamine_Gruidae.nwk,condamine_Gruidae,Condamine 2019,15,TRUE
condamine_Haematopodidae.nwk,condamine_Haematopodidae,Condamine 2019,11,TRUE
condamine_Hirundinidae.nwk,condamine_Hirundinidae,Condamine 2019,83,TRUE
condamine_Hydrobatidae.nwk,condamine_Hydrobatidae,Condamine 2019,22,TRUE
condamine_Icteridae.nwk,condamine_Icteridae,Condamine 2019,102,TRUE
condamine_Indicatoridae.nwk,condamine_Indicatoridae,Condamine 2019,17,TRUE
condamine_Laniidae.nwk,condamine_Laniidae,Condamine 2019,29,TRUE
condamine_Laridae.nwk,condamine_Laridae,Condamine 2019,99,TRUE
condamine_Leiothrichidae.nwk,condamine_Leiothrichidae,Condamine 2019,127,TRUE
condamine_Locustellidae.nwk,condamine_Locustellidae,Condamine 2019,53,TRUE
condamine_Lybiidae.nwk,condamine_Lybiidae,Condamine 2019,41,TRUE
condamine_Macrosphenidae.nwk,condamine_Macrosphenidae,Condamine 2019,18,TRUE
condamine_Malaconotidae.nwk,condamine_Malaconotidae,Condamine 2019,46,TRUE
condamine_Maluridae.nwk,condamine_Maluridae,Condamine 2019,27,TRUE
condamine_Megalaimidae.nwk,condamine_Megalaimidae,Condamine 2019,28,TRUE
condamine_Megapodiidae.nwk,condamine_Megapodiidae,Condamine 2019,21,TRUE
condamine_Melanocharitidae.nwk,condamine_Melanocharitidae,Condamine 2019,10,TRUE
condamine_Meliphagidae.nwk,condamine_Meliphagidae,Condamine 2019,177,TRUE
condamine_Meropidae.nwk,condamine_Meropidae,Condamine 2019,26,TRUE
condamine_Mimidae.nwk,condamine_Mimidae,Condamine 2019,34,TRUE
condamine_Momotidae.nwk,condamine_Momotidae,Condamine 2019,10,TRUE
condamine_Monarchidae.nwk,condamine_Monarchidae,Condamine 2019,87,TRUE
condamine_Motacillidae.nwk,condamine_Motacillidae,Condamine 2019,62,TRUE
condamine_Muscicapidae.nwk,condamine_Muscicapidae,Condamine 2019,279,TRUE
condamine_Musophagidae.nwk,condamine_Musophagidae,Condamine 2019,23,TRUE
condamine_Nectariniidae.nwk,condamine_Nectariniidae,Condamine 2019,127,TRUE
condamine_Odontophoridae.nwk,condamine_Odontophoridae,Condamine 2019,34,TRUE
condamine_Oriolidae.nwk,condamine_Oriolidae,Condamine 2019,30,TRUE
condamine_Otididae.nwk,condamine_Otididae,Condamine 2019,25,TRUE
condamine_Pachycephalidae.nwk,condamine_Pachycephalidae,Condamine 2019,50,TRUE
condamine_Paradisaeidae.nwk,condamine_Paradisaeidae,Condamine 2019,40,TRUE
condamine_Paridae.nwk,condamine_Paridae,Condamine 2019,53,TRUE
condamine_Parulidae.nwk,condamine_Parulidae,Condamine 2019,109,TRUE
condamine_Passeridae.nwk,condamine_Passeridae,Condamine 2019,48,TRUE
condamine_Pellorneidae.nwk,condamine_Pellorneidae,Condamine 2019,66,TRUE
condamine_Petroicidae.nwk,condamine_Petroicidae,Condamine 2019,44,TRUE
condamine_Phalacrocoracidae.nwk,condamine_Phalacrocoracidae,Condamine 2019,33,TRUE
condamine_Phasianidae.nwk,condamine_Phasianidae,Condamine 2019,176,TRUE
condamine_Phylloscopidae.nwk,condamine_Phylloscopidae,Condamine 2019,71,TRUE
condamine_Picidae.nwk,condamine_Picidae,Condamine 2019,223,TRUE
condamine_Pipridae.nwk,condamine_Pipridae,Condamine 2019,52,TRUE
condamine_Pittidae.nwk,condamine_Pittidae,Condamine 2019,31,TRUE
condamine_Platysteiridae.nwk,condamine_Platysteiridae,Condamine 2019,30,TRUE
condamine_Ploceidae.nwk,condamine_Ploceidae,Condamine 2019,108,TRUE
condamine_Podargidae.nwk,condamine_Podargidae,Condamine 2019,15,TRUE
condamine_Podicipedidae.nwk,condamine_Podicipedidae,Condamine 2019,19,TRUE
condamine_Polioptilidae.nwk,condamine_Polioptilidae,Condamine 2019,15,TRUE
condamine_Procellariidae.nwk,condamine_Procellariidae,Condamine 2019,81,TRUE
condamine_Prunellidae.nwk,condamine_Prunellidae,Condamine 2019,13,TRUE
condamine_Psittacidae.nwk,condamine_Psittacidae,Condamine 2019,330,TRUE
condamine_Psophodidae.nwk,condamine_Psophodidae,Condamine 2019,13,TRUE
condamine_Pteroclidae.nwk,condamine_Pteroclidae,Condamine 2019,16,TRUE
condamine_Ptilonorhynchidae.nwk,condamine_Ptilonorhynchidae,Condamine 2019,19,TRUE
condamine_Pycnonotidae.nwk,condamine_Pycnonotidae,Condamine 2019,124,TRUE
condamine_Rallidae.nwk,condamine_Rallidae,Condamine 2019,125,TRUE
condamine_Ramphastidae.nwk,condamine_Ramphastidae,Condamine 2019,35,TRUE
condamine_Remizidae.nwk,condamine_Remizidae,Condamine 2019,12,TRUE
condamine_Rhinocryptidae.nwk,condamine_Rhinocryptidae,Condamine 2019,53,TRUE
condamine_Rhipiduridae.nwk,condamine_Rhipiduridae,Condamine 2019,42,TRUE
condamine_Scolopacidae.nwk,condamine_Scolopacidae,Condamine 2019,89,TRUE
condamine_Sittidae.nwk,condamine_Sittidae,Condamine 2019,24,TRUE
condamine_Spheniscidae.nwk,condamine_Spheniscidae,Condamine 2019,18,TRUE
condamine_Strigidae.nwk,condamine_Strigidae,Condamine 2019,191,TRUE
condamine_Sturnidae.nwk,condamine_Sturnidae,Condamine 2019,109,TRUE
condamine_Sulidae.nwk,condamine_Sulidae,Condamine 2019,10,TRUE
condamine_Sylviidae.nwk,condamine_Sylviidae,Condamine 2019,62,TRUE
condamine_Thamnophilidae.nwk,condamine_Thamnophilidae,Condamine 2019,219,TRUE
condamine_Thraupidae.nwk,condamine_Thraupidae,Condamine 2019,370,TRUE
condamine_Threskiornithidae.nwk,condamine_Threskiornithidae,Condamine 2019,34,TRUE
condamine_Timaliidae.nwk,condamine_Timaliidae,Condamine 2019,55,TRUE
condamine_Tinamidae.nwk,condamine_Tinamidae,Condamine 2019,47,TRUE
condamine_Tityridae.nwk,condamine_Tityridae,Condamine 2019,41,TRUE
condamine_Trochilidae.nwk,condamine_Trochilidae,Condamine 2019,334,TRUE
condamine_Troglodytidae.nwk,condamine_Troglodytidae,Condamine 2019,79,TRUE
condamine_Trogonidae.nwk,condamine_Trogonidae,Condamine 2019,42,TRUE
condamine_Turdidae.nwk,condamine_Turdidae,Condamine 2019,170,TRUE
condamine_Turnicidae.nwk,condamine_Turnicidae,Condamine 2019,16,TRUE
condamine_Tyrannidae.nwk,condamine_Tyrannidae,Condamine 2019,419,TRUE
condamine_Tytonidae.nwk,condamine_Tytonidae,Condamine 2019,15,TRUE
condamine_Vangidae.nwk,condamine_Vangidae,Condamine 2019,21,TRUE
condamine_Viduidae.nwk,condamine_Viduidae,Condamine 2019,20,TRUE
condamine_Vireonidae.nwk,condamine_Vireonidae,Condamine 2019,58,TRUE
condamine_Zosteropidae.nwk,condamine_Zosteropidae,Condamine 2019,120,TRUE
condamine_Crocodylia.nwk,condamine_Crocodylia,Condamine 2019,25,TRUE
condamine_Testudines.nwk,condamine_Testudines,Condamine 2019,233,TRUE
condamine_Atelidae.nwk,condamine_Atelidae,Condamine 2019,24,TRUE
condamine_Bathyergidae.nwk,condamine_Bathyergidae,Condamine 2019,14,TRUE
condamine_Bovidae.nwk,condamine_Bovidae,Condamine 2019,138,TRUE
condamine_Canidae.nwk,condamine_Canidae,Condamine 2019,34,TRUE
condamine_Capromyidae.nwk,condamine_Capromyidae,Condamine 2019,14,TRUE
condamine_Caviidae.nwk,condamine_Caviidae,Condamine 2019,16,TRUE
condamine_Cebidae.nwk,condamine_Cebidae,Condamine 2019,48,TRUE
condamine_Cercopithecidae.nwk,condamine_Cercopithecidae,Condamine 2019,127,TRUE
condamine_Cervidae.nwk,condamine_Cervidae,Condamine 2019,45,TRUE
condamine_Cheirogaleidae.nwk,condamine_Cheirogaleidae,Condamine 2019,15,TRUE
condamine_Chrysochloridae.nwk,condamine_Chrysochloridae,Condamine 2019,17,TRUE
condamine_Cricetidae.nwk,condamine_Cricetidae,Condamine 2019,620,TRUE
condamine_Ctenomyidae.nwk,condamine_Ctenomyidae,Condamine 2019,51,TRUE
condamine_Dasypodidae.nwk,condamine_Dasypodidae,Condamine 2019,20,TRUE
condamine_Dasyproctidae.nwk,condamine_Dasyproctidae,Condamine 2019,13,TRUE
condamine_Dasyuridae.nwk,condamine_Dasyuridae,Condamine 2019,63,TRUE
condamine_Delphinidae.nwk,condamine_Delphinidae,Condamine 2019,34,TRUE
condamine_Didelphidae.nwk,condamine_Didelphidae,Condamine 2019,84,TRUE
condamine_Dipodidae.nwk,condamine_Dipodidae,Condamine 2019,51,TRUE
condamine_Echimyidae.nwk,condamine_Echimyidae,Condamine 2019,69,TRUE
condamine_Emballonuridae.nwk,condamine_Emballonuridae,Condamine 2019,49,TRUE
condamine_Erethizontidae.nwk,condamine_Erethizontidae,Condamine 2019,14,TRUE
condamine_Erinaceidae.nwk,condamine_Erinaceidae,Condamine 2019,22,TRUE
condamine_Felidae.nwk,condamine_Felidae,Condamine 2019,40,TRUE
condamine_Galagidae.nwk,condamine_Galagidae,Condamine 2019,18,TRUE
condamine_Geomyidae.nwk,condamine_Geomyidae,Condamine 2019,38,TRUE
condamine_Gliridae.nwk,condamine_Gliridae,Condamine 2019,27,TRUE
condamine_Herpestidae.nwk,condamine_Herpestidae,Condamine 2019,33,TRUE
condamine_Heteromyidae.nwk,condamine_Heteromyidae,Condamine 2019,58,TRUE
condamine_Hipposideridae.nwk,condamine_Hipposideridae,Condamine 2019,74,TRUE
condamine_Hylobatidae.nwk,condamine_Hylobatidae,Condamine 2019,14,TRUE
condamine_Hystricidae.nwk,condamine_Hystricidae,Condamine 2019,11,TRUE
condamine_Indriidae.nwk,condamine_Indriidae,Condamine 2019,10,TRUE
condamine_Lemuridae.nwk,condamine_Lemuridae,Condamine 2019,19,TRUE
condamine_Leporidae.nwk,condamine_Leporidae,Condamine 2019,58,TRUE
condamine_Macropodidae.nwk,condamine_Macropodidae,Condamine 2019,56,TRUE
condamine_Macroscelididae.nwk,condamine_Macroscelididae,Condamine 2019,15,TRUE
condamine_Mephitidae.nwk,condamine_Mephitidae,Condamine 2019,12,TRUE
condamine_Molossidae.nwk,condamine_Molossidae,Condamine 2019,98,TRUE
condamine_Muridae.nwk,condamine_Muridae,Condamine 2019,680,TRUE
condamine_Mustelidae.nwk,condamine_Mustelidae,Condamine 2019,59,TRUE
condamine_Nesomyidae.nwk,condamine_Nesomyidae,Condamine 2019,55,TRUE
condamine_Nycteridae.nwk,condamine_Nycteridae,Condamine 2019,16,TRUE
condamine_Ochotonidae.nwk,condamine_Ochotonidae,Condamine 2019,28,TRUE
condamine_Octodontidae.nwk,condamine_Octodontidae,Condamine 2019,10,TRUE
condamine_Otariidae.nwk,condamine_Otariidae,Condamine 2019,16,TRUE
condamine_Peramelidae.nwk,condamine_Peramelidae,Condamine 2019,17,TRUE
condamine_Petauridae.nwk,condamine_Petauridae,Condamine 2019,11,TRUE
condamine_Phalangeridae.nwk,condamine_Phalangeridae,Condamine 2019,22,TRUE
condamine_Phocidae.nwk,condamine_Phocidae,Condamine 2019,18,TRUE
condamine_Phyllostomidae.nwk,condamine_Phyllostomidae,Condamine 2019,150,TRUE
condamine_Pitheciidae.nwk,condamine_Pitheciidae,Condamine 2019,37,TRUE
condamine_Procyonidae.nwk,condamine_Procyonidae,Condamine 2019,14,TRUE
condamine_Pseudocheiridae.nwk,condamine_Pseudocheiridae,Condamine 2019,16,TRUE
condamine_Pteropodidae.nwk,condamine_Pteropodidae,Condamine 2019,174,TRUE
condamine_Rhinolophidae.nwk,condamine_Rhinolophidae,Condamine 2019,73,TRUE
condamine_Sciuridae.nwk,condamine_Sciuridae,Condamine 2019,276,TRUE
condamine_Soricidae.nwk,condamine_Soricidae,Condamine 2019,329,TRUE
condamine_Spalacidae.nwk,condamine_Spalacidae,Condamine 2019,31,TRUE
condamine_Suidae.nwk,condamine_Suidae,Condamine 2019,18,TRUE
condamine_Talpidae.nwk,condamine_Talpidae,Condamine 2019,39,TRUE
condamine_Tenrecidae.nwk,condamine_Tenrecidae,Condamine 2019,25,TRUE
condamine_Tupaiidae.nwk,condamine_Tupaiidae,Condamine 2019,19,TRUE
condamine_Vespertilionidae.nwk,condamine_Vespertilionidae,Condamine 2019,386,TRUE
condamine_Viverridae.nwk,condamine_Viverridae,Condamine 2019,34,TRUE
condamine_Ziphiidae.nwk,condamine_Ziphiidae,Condamine 2019,20,TRUE
condamine_Chamaeleonidae.nwk,condamine_Chamaeleonidae,Condamine 2019,142,TRUE
condamine_Colubridae.nwk,condamine_Colubridae,Condamine 2019,539,TRUE
condamine_Cordylidae.nwk,condamine_Cordylidae,Condamine 2019,42,TRUE
condamine_Crotaphytidae.nwk,condamine_Crotaphytidae,Condamine 2019,11,TRUE
condamine_Gerrhosauridae.nwk,condamine_Gerrhosauridae,Condamine 2019,28,TRUE
condamine_Iguanidae.nwk,condamine_Iguanidae,Condamine 2019,31,TRUE
condamine_Phrynosomatidae.nwk,condamine_Phrynosomatidae,Condamine 2019,114,TRUE
condamine_Pythonidae.nwk,condamine_Pythonidae,Condamine 2019,26,TRUE
condamine_Varanidae.nwk,condamine_Varanidae,Condamine 2019,53,TRUE
condamine_Viperidae.nwk,condamine_Viperidae,Condamine 2019,209,TRUE
condamine_Xantusiidae.nwk,condamine_Xantusiidae,Condamine 2019,26,TRUE
bryozoa.nwk,bryozoa,Orr 2023,720,FALSE
frogs.nwk,frogs,Portik 2023,5326,TRUE
